epoch,time,train/box_loss,train/cls_loss,train/dfl_loss,metrics/precision(B),metrics/recall(B),metrics/mAP50(B),metrics/mAP50-95(B),val/box_loss,val/cls_loss,val/dfl_loss,lr/pg0,lr/pg1,lr/pg2,lr/pg3,lr/pg4,lr/pg5,lr/pg6,lr/pg7
1,12.5423,1.16938,2.65876,1.33163,0.00444,1,0.60864,0.4873,0.97261,2.81615,0.89431,0.00012,4e-05,0.00012,4e-05,0.00012,4e-05,0.00012,4e-05
2,22.7321,1.06141,2.88222,1.287,0.00444,1,0.62882,0.50017,0.9603,2.81745,0.89231,0.00029802,9.934e-05,0.00029802,9.934e-05,0.00029802,9.934e-05,0.00029802,9.934e-05
3,32.7209,1.09149,2.79203,1.16938,0.00444,1,0.63667,0.50627,0.94845,2.81743,0.89278,0.000473664,0.000157888,0.000473664,0.000157888,0.000473664,0.000157888,0.000473664,0.000157888
4,42.6619,1.10782,2.67312,1.28465,0.00444,1,0.66167,0.52502,0.9274,2.81827,0.89064,0.000646932,0.000215644,0.000646932,0.000215644,0.000646932,0.000215644,0.000646932,0.000215644
5,52.2469,1.11016,2.68929,1.24269,0.00444,1,0.67682,0.53562,0.91212,2.8186,0.88642,0.000817824,0.000272608,0.000817824,0.000272608,0.000817824,0.000272608,0.000817824,0.000272608
6,62.4649,0.93699,2.71721,1.11306,0.00444,1,0.78071,0.63686,0.87773,2.81624,0.88543,0.00098634,0.00032878,0.00098634,0.00032878,0.00098634,0.00032878,0.00098634,0.00032878
7,72.2279,0.92589,2.62755,1.17845,0.00444,1,0.78071,0.63686,0.85735,2.81,0.88301,0.00115248,0.00038416,0.00115248,0.00038416,0.00115248,0.00038416,0.00115248,0.00038416
8,82.5249,0.985,2.5476,1.13133,0.00444,1,0.78071,0.63686,0.83079,2.80233,0.88311,0.00131624,0.000438748,0.00131624,0.000438748,0.00131624,0.000438748,0.00131624,0.000438748
9,92.4659,1.03909,2.53759,1.164,0.00444,1,0.82833,0.67496,0.81306,2.80114,0.879,0.00147763,0.000492544,0.00147763,0.000492544,0.00147763,0.000492544,0.00147763,0.000492544
10,102.746,0.98373,2.57326,1.14672,0.00444,1,0.84917,0.644,0.79796,2.80311,0.87362,0.00163664,0.000545548,0.00163664,0.000545548,0.00163664,0.000545548,0.00163664,0.000545548
11,113.525,1.07952,2.55481,1.21864,0.00444,1,0.895,0.72829,0.78985,2.80074,0.86995,0.00179328,0.00059776,0.00179328,0.00059776,0.00179328,0.00059776,0.00179328,0.00059776
12,123.719,1.0873,2.51185,1.25718,0.00444,1,0.895,0.68354,0.77189,2.79086,0.86788,0.00194754,0.00064918,0.00194754,0.00064918,0.00194754,0.00064918,0.00194754,0.00064918
13,134.256,0.90367,2.46765,1.11137,0.00444,1,0.895,0.69355,0.75477,2.77999,0.8691,0.00209942,0.000699808,0.00209942,0.000699808,0.00209942,0.000699808,0.00209942,0.000699808
14,144.589,0.93555,2.38344,1.12373,0.00444,1,0.895,0.70584,0.75266,2.76157,0.87175,0.00224893,0.000749644,0.00224893,0.000749644,0.00224893,0.000749644,0.00224893,0.000749644
15,154.652,1.01607,2.4116,1.26086,0.00444,1,0.895,0.70584,0.75266,2.76157,0.87175,0.00239606,0.000798688,0.00239606,0.000798688,0.00239606,0.000798688,0.00239606,0.000798688
16,164.909,1.16721,2.41633,1.34987,0.00444,1,0.945,0.74414,0.74892,2.73494,0.87277,0.00254082,0.00084694,0.00254082,0.00084694,0.00254082,0.00084694,0.00254082,0.00084694
17,175.292,0.99455,2.38011,1.12915,0.00444,1,0.945,0.73185,0.74066,2.70867,0.86567,0.0026832,0.0008944,0.0026832,0.0008944,0.0026832,0.0008944,0.0026832,0.0008944
18,185.218,0.82211,2.24274,1.0441,0.00444,1,0.945,0.73185,0.74066,2.70867,0.86567,0.0028232,0.000941068,0.0028232,0.000941068,0.0028232,0.000941068,0.0028232,0.000941068
19,195.525,0.84577,2.13663,1.0028,0.00444,1,0.945,0.73185,0.72637,2.66795,0.85099,0.00296083,0.000986944,0.00296083,0.000986944,0.00296083,0.000986944,0.00296083,0.000986944
20,205.719,0.90066,2.20848,1.10403,0.00444,1,0.945,0.75227,0.68317,2.60587,0.83695,0.00309608,0.00103203,0.00309608,0.00103203,0.00309608,0.00103203,0.00309608,0.00103203
21,215.83,0.89694,2.0471,1.088,0.00444,1,0.945,0.75227,0.68317,2.60587,0.83695,0.00322896,0.00107632,0.00322896,0.00107632,0.00322896,0.00107632,0.00322896,0.00107632
22,226.571,0.85671,1.96022,1.03684,0.20401,1,0.945,0.77392,0.661,2.50953,0.83304,0.00335946,0.00111982,0.00335946,0.00111982,0.00335946,0.00111982,0.00335946,0.00111982
23,236.922,0.89737,1.95224,1.1076,0.20401,1,0.945,0.77392,0.661,2.50953,0.83304,0.00348758,0.00116253,0.00348758,0.00116253,0.00348758,0.00116253,0.00348758,0.00116253
24,248.643,0.92671,2.04476,1.11361,0.92667,0.75,0.945,0.77392,0.63368,2.37867,0.83263,0.00361333,0.00120444,0.00361333,0.00120444,0.00361333,0.00120444,0.00361333,0.00120444
25,259.499,0.86379,1.84016,1.05851,0.92667,0.75,0.945,0.77392,0.63368,2.37867,0.83263,0.0037367,0.00124557,0.0037367,0.00124557,0.0037367,0.00124557,0.0037367,0.00124557
26,270.438,0.7862,1.81304,1.02042,0.76929,0.84647,0.945,0.80404,0.60469,2.22208,0.81593,0.0038577,0.0012859,0.0038577,0.0012859,0.0038577,0.0012859,0.0038577,0.0012859
27,281.181,0.9065,1.74207,1.0596,0.76929,0.84647,0.945,0.80404,0.60469,2.22208,0.81593,0.00397632,0.00132544,0.00397632,0.00132544,0.00397632,0.00132544,0.00397632,0.00132544
28,292.487,0.91553,1.74531,1.12294,0.75017,1,0.945,0.80899,0.57361,2.02925,0.8013,0.00409256,0.00136419,0.00409256,0.00136419,0.00409256,0.00136419,0.00409256,0.00136419
29,303.499,0.91681,1.85831,1.13211,0.75017,1,0.945,0.80899,0.57361,2.02925,0.8013,0.00420643,0.00140214,0.00420643,0.00140214,0.00420643,0.00140214,0.00420643,0.00140214
30,314.512,0.93789,1.64202,1.16214,0.75017,1,0.945,0.80899,0.57361,2.02925,0.8013,0.00431792,0.00143931,0.00431792,0.00143931,0.00431792,0.00143931,0.00431792,0.00143931
31,325.505,0.79664,1.58458,1.01417,0.77017,1,0.945,0.76253,0.57011,1.84702,0.79244,0.00442704,0.00147568,0.00442704,0.00147568,0.00442704,0.00147568,0.00442704,0.00147568
32,335.892,0.86919,1.56013,1.05582,0.77017,1,0.945,0.76253,0.57011,1.84702,0.79244,0.00453378,0.00151126,0.00453378,0.00151126,0.00453378,0.00151126,0.00453378,0.00151126
33,346.732,0.88013,1.73347,1.11483,0.7717,1,0.945,0.81715,0.57398,1.67331,0.78536,0.00463814,0.00154605,0.00463814,0.00154605,0.00463814,0.00154605,0.00463814,0.00154605
34,357.214,0.79775,1.46223,1.02714,0.7717,1,0.945,0.81715,0.57398,1.67331,0.78536,0.0046932,0.0015644,0.0046932,0.0015644,0.0046932,0.0015644,0.0046932,0.0015644
35,367.8,0.80345,1.42953,0.97898,0.7717,1,0.945,0.81715,0.57398,1.67331,0.78536,0.0046536,0.0015512,0.0046536,0.0015512,0.0046536,0.0015512,0.0046536,0.0015512
36,378.885,0.90115,1.43188,1.14222,0.77584,1,0.945,0.82511,0.58512,1.60112,0.78296,0.004614,0.001538,0.004614,0.001538,0.004614,0.001538,0.004614,0.001538
37,389.314,0.73363,1.48411,1.03699,0.77584,1,0.945,0.82511,0.58512,1.60112,0.78296,0.0045744,0.0015248,0.0045744,0.0015248,0.0045744,0.0015248,0.0045744,0.0015248
38,399.911,0.80272,1.56062,0.99697,0.77584,1,0.945,0.82511,0.58512,1.60112,0.78296,0.0045348,0.0015116,0.0045348,0.0015116,0.0045348,0.0015116,0.0045348,0.0015116
39,410.616,0.78139,1.42478,1.08096,0.797,1,0.995,0.88259,0.5521,1.63415,0.78462,0.0044952,0.0014984,0.0044952,0.0014984,0.0044952,0.0014984,0.0044952,0.0014984
40,420.937,0.73643,1.46843,1.0489,0.797,1,0.995,0.88259,0.5521,1.63415,0.78462,0.0044556,0.0014852,0.0044556,0.0014852,0.0044556,0.0014852,0.0044556,0.0014852
41,431.753,0.72737,1.43753,1.00248,0.79305,1,0.995,0.87011,0.554,1.65892,0.79289,0.004416,0.001472,0.004416,0.001472,0.004416,0.001472,0.004416,0.001472
42,443.432,0.77904,1.31981,1.0149,0.79305,1,0.995,0.87011,0.554,1.65892,0.79289,0.0043764,0.0014588,0.0043764,0.0014588,0.0043764,0.0014588,0.0043764,0.0014588
43,454.243,0.85395,1.60791,1.10811,0.79305,1,0.995,0.87011,0.554,1.65892,0.79289,0.0043368,0.0014456,0.0043368,0.0014456,0.0043368,0.0014456,0.0043368,0.0014456
44,465.147,0.80599,1.31025,1.03747,0.79686,1,0.995,0.8955,0.55801,1.62401,0.80001,0.0042972,0.0014324,0.0042972,0.0014324,0.0042972,0.0014324,0.0042972,0.0014324
45,475.529,0.84433,1.42182,1.12383,0.79686,1,0.995,0.8955,0.55801,1.62401,0.80001,0.0042576,0.0014192,0.0042576,0.0014192,0.0042576,0.0014192,0.0042576,0.0014192
46,485.951,0.69872,1.32202,0.98774,0.79686,1,0.995,0.8955,0.55801,1.62401,0.80001,0.004218,0.001406,0.004218,0.001406,0.004218,0.001406,0.004218,0.001406
47,496.743,0.80152,1.42057,1.06089,0.89337,1,0.995,0.8955,0.56593,1.59741,0.79795,0.0041784,0.0013928,0.0041784,0.0013928,0.0041784,0.0013928,0.0041784,0.0013928
48,506.991,0.69474,1.28625,1.00538,0.89337,1,0.995,0.8955,0.56593,1.59741,0.79795,0.0041388,0.0013796,0.0041388,0.0013796,0.0041388,0.0013796,0.0041388,0.0013796
49,518.831,0.75899,1.21264,1.01246,0.95057,1,0.995,0.8955,0.53891,1.56043,0.80356,0.0040992,0.0013664,0.0040992,0.0013664,0.0040992,0.0013664,0.0040992,0.0013664
50,529.77,0.6625,1.39646,0.97511,0.95057,1,0.995,0.8955,0.53891,1.56043,0.80356,0.0040596,0.0013532,0.0040596,0.0013532,0.0040596,0.0013532,0.0040596,0.0013532
51,544.067,0.74584,1.14052,0.94864,0.95057,1,0.995,0.8955,0.53891,1.56043,0.80356,0.00402,0.00134,0.00402,0.00134,0.00402,0.00134,0.00402,0.00134
52,559.36,0.80015,1.29933,1.01968,0.95885,1,0.995,0.90167,0.5061,1.47801,0.79796,0.0039804,0.0013268,0.0039804,0.0013268,0.0039804,0.0013268,0.0039804,0.0013268
53,572.393,0.68099,1.2055,0.97238,0.95885,1,0.995,0.90167,0.5061,1.47801,0.79796,0.0039408,0.0013136,0.0039408,0.0013136,0.0039408,0.0013136,0.0039408,0.0013136
54,587.298,0.68814,1.21596,0.98594,0.95885,1,0.995,0.90167,0.5061,1.47801,0.79796,0.0039012,0.0013004,0.0039012,0.0013004,0.0039012,0.0013004,0.0039012,0.0013004
55,600.707,0.63941,1.25239,0.95,0.97762,1,0.995,0.8955,0.50551,1.33703,0.79951,0.0038616,0.0012872,0.0038616,0.0012872,0.0038616,0.0012872,0.0038616,0.0012872
56,621.088,0.8176,1.18598,0.9799,0.97762,1,0.995,0.8955,0.50551,1.33703,0.79951,0.003822,0.001274,0.003822,0.001274,0.003822,0.001274,0.003822,0.001274
57,639.068,0.66348,1.15302,0.95303,0.98094,1,0.995,0.88259,0.53788,1.28263,0.81094,0.0037824,0.0012608,0.0037824,0.0012608,0.0037824,0.0012608,0.0037824,0.0012608
58,655.87,0.66964,1.19721,0.98223,0.98094,1,0.995,0.88259,0.53788,1.28263,0.81094,0.0037428,0.0012476,0.0037428,0.0012476,0.0037428,0.0012476,0.0037428,0.0012476
59,676.531,0.59539,1.04637,0.93571,0.98094,1,0.995,0.88259,0.53788,1.28263,0.81094,0.0037032,0.0012344,0.0037032,0.0012344,0.0037032,0.0012344,0.0037032,0.0012344
60,699.192,0.74969,1.19663,0.98219,0.98391,1,0.995,0.89927,0.49258,1.21872,0.80601,0.0036636,0.0012212,0.0036636,0.0012212,0.0036636,0.0012212,0.0036636,0.0012212
61,742.154,0.64963,1.08891,0.96176,0.98391,1,0.995,0.89927,0.49258,1.21872,0.80601,0.003624,0.001208,0.003624,0.001208,0.003624,0.001208,0.003624,0.001208
62,761.786,0.74884,1.0936,1.0224,0.98391,1,0.995,0.89927,0.49258,1.21872,0.80601,0.0035844,0.0011948,0.0035844,0.0011948,0.0035844,0.0011948,0.0035844,0.0011948
63,777.4,0.73811,1.14673,0.99886,0.98335,1,0.995,0.92009,0.47105,1.19122,0.80058,0.0035448,0.0011816,0.0035448,0.0011816,0.0035448,0.0011816,0.0035448,0.0011816
64,803.577,0.85264,1.21156,1.07894,0.98335,1,0.995,0.92009,0.47105,1.19122,0.80058,0.0035052,0.0011684,0.0035052,0.0011684,0.0035052,0.0011684,0.0035052,0.0011684
65,823.028,0.72705,1.30358,1.01316,0.98455,1,0.995,0.92009,0.45449,1.21226,0.79153,0.0034656,0.0011552,0.0034656,0.0011552,0.0034656,0.0011552,0.0034656,0.0011552
66,840.12,0.69436,1.02131,0.9525,0.98455,1,0.995,0.92009,0.45449,1.21226,0.79153,0.003426,0.001142,0.003426,0.001142,0.003426,0.001142,0.003426,0.001142
67,855.793,0.69676,1.16185,0.98225,0.98455,1,0.995,0.92009,0.45449,1.21226,0.79153,0.0033864,0.0011288,0.0033864,0.0011288,0.0033864,0.0011288,0.0033864,0.0011288
68,872.066,0.69688,1.18986,1.01978,0.98478,1,0.995,0.92009,0.45152,1.1765,0.78919,0.0033468,0.0011156,0.0033468,0.0011156,0.0033468,0.0011156,0.0033468,0.0011156
69,887.443,0.61815,1.05759,0.96326,0.98478,1,0.995,0.92009,0.45152,1.1765,0.78919,0.0033072,0.0011024,0.0033072,0.0011024,0.0033072,0.0011024,0.0033072,0.0011024
70,903.001,0.68964,1.04681,0.97535,0.98478,1,0.995,0.92009,0.45152,1.1765,0.78919,0.0032676,0.0010892,0.0032676,0.0010892,0.0032676,0.0010892,0.0032676,0.0010892
71,919.405,0.69378,1.09955,0.99147,0.98364,1,0.995,0.92009,0.446,1.12471,0.79008,0.003228,0.001076,0.003228,0.001076,0.003228,0.001076,0.003228,0.001076
72,933.669,0.64199,0.94513,0.92887,0.98364,1,0.995,0.92009,0.446,1.12471,0.79008,0.0031884,0.0010628,0.0031884,0.0010628,0.0031884,0.0010628,0.0031884,0.0010628
73,948.135,0.65655,1.02638,0.99523,0.98269,1,0.995,0.8951,0.45489,1.13074,0.79308,0.0031488,0.0010496,0.0031488,0.0010496,0.0031488,0.0010496,0.0031488,0.0010496
74,965.259,0.64627,1.03495,0.98157,0.98269,1,0.995,0.8951,0.45489,1.13074,0.79308,0.0031092,0.0010364,0.0031092,0.0010364,0.0031092,0.0010364,0.0031092,0.0010364
75,979.313,0.65344,1.08497,0.94784,0.98269,1,0.995,0.8951,0.45489,1.13074,0.79308,0.0030696,0.0010232,0.0030696,0.0010232,0.0030696,0.0010232,0.0030696,0.0010232
76,993.819,0.60757,1.02163,0.95864,0.98147,1,0.995,0.92009,0.43248,1.1148,0.78806,0.00303,0.00101,0.00303,0.00101,0.00303,0.00101,0.00303,0.00101
77,1007.74,0.61409,1.08357,0.94546,0.98147,1,0.995,0.92009,0.43248,1.1148,0.78806,0.0029904,0.0009968,0.0029904,0.0009968,0.0029904,0.0009968,0.0029904,0.0009968
78,1021.84,0.73675,1.01167,0.99542,0.98147,1,0.995,0.92009,0.43248,1.1148,0.78806,0.0029508,0.0009836,0.0029508,0.0009836,0.0029508,0.0009836,0.0029508,0.0009836
79,1036.91,0.74084,1.07623,0.99383,0.9827,1,0.995,0.90784,0.41675,1.09417,0.79273,0.0029112,0.0009704,0.0029112,0.0009704,0.0029112,0.0009704,0.0029112,0.0009704
80,1050.51,0.72017,1.05362,1.03141,0.9827,1,0.995,0.90784,0.41675,1.09417,0.79273,0.0028716,0.0009572,0.0028716,0.0009572,0.0028716,0.0009572,0.0028716,0.0009572
81,1064.98,0.64702,1.09391,0.98843,0.99418,1,0.995,0.90784,0.4446,1.1176,0.7843,0.002832,0.000944,0.002832,0.000944,0.002832,0.000944,0.002832,0.000944
82,1078.22,0.62217,1.26442,0.99258,0.99418,1,0.995,0.90784,0.4446,1.1176,0.7843,0.0027924,0.0009308,0.0027924,0.0009308,0.0027924,0.0009308,0.0027924,0.0009308
83,1092.04,0.66724,1.0433,0.99502,0.99418,1,0.995,0.90784,0.4446,1.1176,0.7843,0.0027528,0.0009176,0.0027528,0.0009176,0.0027528,0.0009176,0.0027528,0.0009176
84,1106.12,0.63646,1.06168,0.96888,1,0.9999,0.995,0.87672,0.46863,1.11983,0.78312,0.0027132,0.0009044,0.0027132,0.0009044,0.0027132,0.0009044,0.0027132,0.0009044
85,1120.05,0.7029,1.01347,0.97563,1,0.9999,0.995,0.87672,0.46863,1.11983,0.78312,0.0026736,0.0008912,0.0026736,0.0008912,0.0026736,0.0008912,0.0026736,0.0008912
86,1133.81,0.60485,1.1221,0.95027,1,0.9999,0.995,0.87672,0.46863,1.11983,0.78312,0.002634,0.000878,0.002634,0.000878,0.002634,0.000878,0.002634,0.000878
87,1148.5,0.63923,0.94756,0.97391,1,0.9929,0.995,0.87672,0.45592,1.10582,0.77778,0.0025944,0.0008648,0.0025944,0.0008648,0.0025944,0.0008648,0.0025944,0.0008648
88,1162.18,0.59069,0.98603,0.93734,1,0.9929,0.995,0.87672,0.45592,1.10582,0.77778,0.0025548,0.0008516,0.0025548,0.0008516,0.0025548,0.0008516,0.0025548,0.0008516
89,1175.88,0.68466,0.91124,0.94031,1,0.9876,0.995,0.87672,0.43351,1.08582,0.77504,0.0025152,0.0008384,0.0025152,0.0008384,0.0025152,0.0008384,0.0025152,0.0008384
90,1189.07,0.55581,0.92143,0.90988,1,0.9876,0.995,0.87672,0.43351,1.08582,0.77504,0.0024756,0.0008252,0.0024756,0.0008252,0.0024756,0.0008252,0.0024756,0.0008252
91,1202.39,0.63411,1.05903,0.993,1,0.9876,0.995,0.87672,0.43351,1.08582,0.77504,0.002436,0.000812,0.002436,0.000812,0.002436,0.000812,0.002436,0.000812
92,1216.46,0.59108,0.9283,0.92276,1,0.98172,0.995,0.86421,0.44905,1.09195,0.77098,0.0023964,0.0007988,0.0023964,0.0007988,0.0023964,0.0007988,0.0023964,0.0007988
93,1230.53,0.64401,0.99978,1.00142,1,0.98172,0.995,0.86421,0.44905,1.09195,0.77098,0.0023568,0.0007856,0.0023568,0.0007856,0.0023568,0.0007856,0.0023568,0.0007856
94,1244.73,0.56165,0.92699,0.91747,1,0.98172,0.995,0.86421,0.44905,1.09195,0.77098,0.0023172,0.0007724,0.0023172,0.0007724,0.0023172,0.0007724,0.0023172,0.0007724
95,1259.68,0.54931,0.89341,0.91642,1,0.99408,0.995,0.88497,0.43201,1.06631,0.76716,0.0022776,0.0007592,0.0022776,0.0007592,0.0022776,0.0007592,0.0022776,0.0007592
96,1274.18,0.59112,0.99425,1.01792,1,0.99408,0.995,0.88497,0.43201,1.06631,0.76716,0.002238,0.000746,0.002238,0.000746,0.002238,0.000746,0.002238,0.000746
97,1288.68,0.54397,0.851,0.90189,1,0.98713,0.995,0.88497,0.40855,1.0626,0.76162,0.0021984,0.0007328,0.0021984,0.0007328,0.0021984,0.0007328,0.0021984,0.0007328
98,1301.03,0.61818,0.93179,0.95629,1,0.98713,0.995,0.88497,0.40855,1.0626,0.76162,0.0021588,0.0007196,0.0021588,0.0007196,0.0021588,0.0007196,0.0021588,0.0007196
99,1314.56,0.62466,0.98787,0.99781,1,0.98713,0.995,0.88497,0.40855,1.0626,0.76162,0.0021192,0.0007064,0.0021192,0.0007064,0.0021192,0.0007064,0.0021192,0.0007064
100,1328.86,0.51075,0.94952,0.89306,1,0.99149,0.995,0.88497,0.42824,1.03546,0.76008,0.0020796,0.0006932,0.0020796,0.0006932,0.0020796,0.0006932,0.0020796,0.0006932
101,1342.79,0.66637,0.94755,0.99652,1,0.99149,0.995,0.88497,0.42824,1.03546,0.76008,0.00204,0.00068,0.00204,0.00068,0.00204,0.00068,0.00204,0.00068
102,1357.1,0.60154,0.92183,0.9172,1,0.99149,0.995,0.88497,0.42824,1.03546,0.76008,0.0020004,0.0006668,0.0020004,0.0006668,0.0020004,0.0006668,0.0020004,0.0006668
103,1371.54,0.58653,0.90698,0.89206,1,0.98598,0.995,0.86421,0.4177,1.0485,0.75535,0.0019608,0.0006536,0.0019608,0.0006536,0.0019608,0.0006536,0.0019608,0.0006536
104,1385.75,0.52333,0.98338,0.92119,1,0.98598,0.995,0.86421,0.4177,1.0485,0.75535,0.0019212,0.0006404,0.0019212,0.0006404,0.0019212,0.0006404,0.0019212,0.0006404
105,1400.16,0.61019,1.01046,1.00545,1,0.98828,0.995,0.88497,0.41397,1.0108,0.7582,0.0018816,0.0006272,0.0018816,0.0006272,0.0018816,0.0006272,0.0018816,0.0006272
106,1413.96,0.53256,0.85527,0.92562,1,0.98828,0.995,0.88497,0.41397,1.0108,0.7582,0.001842,0.000614,0.001842,0.000614,0.001842,0.000614,0.001842,0.000614
107,1428.35,0.63833,1.1296,1.06706,1,0.98828,0.995,0.88497,0.41397,1.0108,0.7582,0.0018024,0.0006008,0.0018024,0.0006008,0.0018024,0.0006008,0.0018024,0.0006008
108,1442.62,0.64244,0.88447,0.99142,1,0.99214,0.995,0.92856,0.42671,0.99643,0.76099,0.0017628,0.0005876,0.0017628,0.0005876,0.0017628,0.0005876,0.0017628,0.0005876
109,1456.72,0.56324,0.93456,0.91055,1,0.99214,0.995,0.92856,0.42671,0.99643,0.76099,0.0017232,0.0005744,0.0017232,0.0005744,0.0017232,0.0005744,0.0017232,0.0005744
110,1470.69,0.5689,0.87553,0.95095,1,0.99214,0.995,0.92856,0.42671,0.99643,0.76099,0.0016836,0.0005612,0.0016836,0.0005612,0.0016836,0.0005612,0.0016836,0.0005612
111,1485.18,0.55009,0.90721,0.9577,1,0.99448,0.995,0.90779,0.4299,0.98824,0.76161,0.001644,0.000548,0.001644,0.000548,0.001644,0.000548,0.001644,0.000548
112,1499.66,0.51542,0.87034,0.9267,1,0.99448,0.995,0.90779,0.4299,0.98824,0.76161,0.0016044,0.0005348,0.0016044,0.0005348,0.0016044,0.0005348,0.0016044,0.0005348
113,1514.1,0.48311,0.85692,0.91359,1,0.99956,0.995,0.90779,0.43016,0.99773,0.76154,0.0015648,0.0005216,0.0015648,0.0005216,0.0015648,0.0005216,0.0015648,0.0005216
114,1530.91,0.60648,0.96283,0.95955,1,0.99956,0.995,0.90779,0.43016,0.99773,0.76154,0.0015252,0.0005084,0.0015252,0.0005084,0.0015252,0.0005084,0.0015252,0.0005084
115,1544.79,0.59466,0.94926,0.94697,1,0.99956,0.995,0.90779,0.43016,0.99773,0.76154,0.0014856,0.0004952,0.0014856,0.0004952,0.0014856,0.0004952,0.0014856,0.0004952
116,1560.02,0.58725,0.93491,0.95204,0.99561,1,0.995,0.90779,0.40818,1.0036,0.75665,0.001446,0.000482,0.001446,0.000482,0.001446,0.000482,0.001446,0.000482
117,1574.34,0.61463,0.93507,0.98187,0.99561,1,0.995,0.90779,0.40818,1.0036,0.75665,0.0014064,0.0004688,0.0014064,0.0004688,0.0014064,0.0004688,0.0014064,0.0004688
118,1589.99,0.55971,0.83527,0.92376,0.99561,1,0.995,0.90779,0.40818,1.0036,0.75665,0.0013668,0.0004556,0.0013668,0.0004556,0.0013668,0.0004556,0.0013668,0.0004556
119,1604.41,0.55057,0.84791,0.92911,0.99702,1,0.995,0.95142,0.39669,1.0128,0.75348,0.0013272,0.0004424,0.0013272,0.0004424,0.0013272,0.0004424,0.0013272,0.0004424
120,1618.68,0.47254,0.79353,0.9093,0.99702,1,0.995,0.95142,0.39669,1.0128,0.75348,0.0012876,0.0004292,0.0012876,0.0004292,0.0012876,0.0004292,0.0012876,0.0004292
121,1633.33,0.54766,0.79286,0.90924,0.99477,1,0.995,0.95142,0.38356,1.01927,0.75127,0.001248,0.000416,0.001248,0.000416,0.001248,0.000416,0.001248,0.000416
122,1647.59,0.43208,0.96272,0.92353,0.99477,1,0.995,0.95142,0.38356,1.01927,0.75127,0.0012084,0.0004028,0.0012084,0.0004028,0.0012084,0.0004028,0.0012084,0.0004028
123,1661.92,0.48811,0.79335,0.95726,0.99477,1,0.995,0.95142,0.38356,1.01927,0.75127,0.0011688,0.0003896,0.0011688,0.0003896,0.0011688,0.0003896,0.0011688,0.0003896
124,1676.53,0.63512,0.90165,0.99518,0.99309,1,0.995,0.96379,0.3728,1.01806,0.74857,0.0011292,0.0003764,0.0011292,0.0003764,0.0011292,0.0003764,0.0011292,0.0003764
125,1690.72,0.54583,0.86234,0.91758,0.99309,1,0.995,0.96379,0.3728,1.01806,0.74857,0.0010896,0.0003632,0.0010896,0.0003632,0.0010896,0.0003632,0.0010896,0.0003632
126,1704.76,0.55292,0.78824,0.90303,0.99309,1,0.995,0.96379,0.3728,1.01806,0.74857,0.00105,0.00035,0.00105,0.00035,0.00105,0.00035,0.00105,0.00035
127,1719.06,0.56217,0.89405,0.91338,0.98994,1,0.995,0.96379,0.37369,1.0005,0.74839,0.0010104,0.0003368,0.0010104,0.0003368,0.0010104,0.0003368,0.0010104,0.0003368
128,1732.94,0.51506,0.86539,0.91931,0.98994,1,0.995,0.96379,0.37369,1.0005,0.74839,0.0009708,0.0003236,0.0009708,0.0003236,0.0009708,0.0003236,0.0009708,0.0003236
129,1746.76,0.59942,0.971,0.94653,0.98808,1,0.995,0.93259,0.38015,0.99545,0.7466,0.0009312,0.0003104,0.0009312,0.0003104,0.0009312,0.0003104,0.0009312,0.0003104
130,1761.02,0.50438,0.83266,0.91803,0.98808,1,0.995,0.93259,0.38015,0.99545,0.7466,0.0008916,0.0002972,0.0008916,0.0002972,0.0008916,0.0002972,0.0008916,0.0002972
131,1775.21,0.47063,0.8291,0.9099,0.98808,1,0.995,0.93259,0.38015,0.99545,0.7466,0.000852,0.000284,0.000852,0.000284,0.000852,0.000284,0.000852,0.000284
132,1789,0.56212,0.80339,0.93558,0.98666,1,0.995,0.93259,0.37808,0.99063,0.74465,0.0008124,0.0002708,0.0008124,0.0002708,0.0008124,0.0002708,0.0008124,0.0002708
133,1803.3,0.57334,0.78411,0.9592,0.98666,1,0.995,0.93259,0.37808,0.99063,0.74465,0.0007728,0.0002576,0.0007728,0.0002576,0.0007728,0.0002576,0.0007728,0.0002576
134,1817.05,0.45334,1.02527,0.97775,0.98666,1,0.995,0.93259,0.37808,0.99063,0.74465,0.0007332,0.0002444,0.0007332,0.0002444,0.0007332,0.0002444,0.0007332,0.0002444
135,1831.57,0.45712,0.76355,0.87039,0.98431,1,0.995,0.93259,0.37598,0.98822,0.74209,0.0006936,0.0002312,0.0006936,0.0002312,0.0006936,0.0002312,0.0006936,0.0002312
136,1845.6,0.51011,0.88962,0.92839,0.98431,1,0.995,0.93259,0.37598,0.98822,0.74209,0.000654,0.000218,0.000654,0.000218,0.000654,0.000218,0.000654,0.000218
137,1860.2,0.56329,1.03091,0.997,0.98351,1,0.995,0.96379,0.37846,0.98522,0.7411,0.0006144,0.0002048,0.0006144,0.0002048,0.0006144,0.0002048,0.0006144,0.0002048
138,1874.46,0.49798,0.79576,0.91675,0.98351,1,0.995,0.96379,0.37846,0.98522,0.7411,0.0005748,0.0001916,0.0005748,0.0001916,0.0005748,0.0001916,0.0005748,0.0001916
139,1888.26,0.48524,0.75685,0.87842,0.98351,1,0.995,0.96379,0.37846,0.98522,0.7411,0.0005352,0.0001784,0.0005352,0.0001784,0.0005352,0.0001784,0.0005352,0.0001784
140,1902.74,0.51927,0.91656,0.90909,0.98272,1,0.995,0.96379,0.37948,0.97693,0.74035,0.0004956,0.0001652,0.0004956,0.0001652,0.0004956,0.0001652,0.0004956,0.0001652
141,1917.95,0.42861,1.095,0.88205,0.98272,1,0.995,0.96379,0.37948,0.97693,0.74035,0.000456,0.000152,0.000456,0.000152,0.000456,0.000152,0.000456,0.000152
142,1931.5,0.39363,1.17635,0.87527,0.98272,1,0.995,0.96379,0.37948,0.97693,0.74035,0.0004164,0.0001388,0.0004164,0.0001388,0.0004164,0.0001388,0.0004164,0.0001388
143,1946.78,0.40684,1.08734,0.84429,0.97907,1,0.995,0.96379,0.38216,0.95555,0.73812,0.0003768,0.0001256,0.0003768,0.0001256,0.0003768,0.0001256,0.0003768,0.0001256
144,1960.5,0.46727,1.21452,0.85397,0.97907,1,0.995,0.96379,0.38216,0.95555,0.73812,0.0003372,0.0001124,0.0003372,0.0001124,0.0003372,0.0001124,0.0003372,0.0001124
145,1978.25,0.49953,1.2367,0.87109,0.97875,1,0.995,0.96379,0.38407,0.94871,0.73652,0.0002976,9.92e-05,0.0002976,9.92e-05,0.0002976,9.92e-05,0.0002976,9.92e-05
146,1992.83,0.41578,1.24623,0.8455,0.97875,1,0.995,0.96379,0.38407,0.94871,0.73652,0.000258,8.6e-05,0.000258,8.6e-05,0.000258,8.6e-05,0.000258,8.6e-05
147,2006.87,0.42174,1.0896,0.84372,0.97875,1,0.995,0.96379,0.38407,0.94871,0.73652,0.0002184,7.28e-05,0.0002184,7.28e-05,0.0002184,7.28e-05,0.0002184,7.28e-05
148,2020.86,0.46671,1.34661,0.85717,0.97749,1,0.995,0.92031,0.38407,0.95372,0.73582,0.0001788,5.96e-05,0.0001788,5.96e-05,0.0001788,5.96e-05,0.0001788,5.96e-05
149,2036.18,0.37245,1.11608,0.8715,0.97749,1,0.995,0.92031,0.38407,0.95372,0.73582,0.0001392,4.64e-05,0.0001392,4.64e-05,0.0001392,4.64e-05,0.0001392,4.64e-05
150,2050.06,0.45374,1.16961,0.81939,0.97749,1,0.995,0.92031,0.38407,0.95372,0.73582,9.96e-05,3.32e-05,9.96e-05,3.32e-05,9.96e-05,3.32e-05,9.96e-05,3.32e-05
